Player;0; 0,5; 0
Follower;14,92414; 0,002528558; 4,974714
Player;0; 0,5; 0
Follower;14,84829; 0,005057117; 4,949429
Player;0; 0,5; 0
Player;0; 0,5; 0
Player;0; 0,5; 0
Player;0; 0,5; 0
Player;0; 0,5; 0
Player;0; 0,5; 0
Player;0; 0,5; 0
Player;0; 0,5; 0
Player;0; 0,5; 0
Player;0; 0,5; 0
Player;0; 0,5; 0
Player;0; 0,5; 0
Player;0; 0,5; 0
Player;0; 0,5; 0
Player;0; 0,5; 0
Player;0; 0,5; 0
Follower;13,58401; 0,04719976; 4,528002
Player;0; 0,5; 0
Player;0; 0,5; 0
Player;0; 0,5; 0
Player;0; 0,5; 0
Player;0; 0,5; 0
Player;0; 0,5; 0
Player;0; 0,5; 0
Follower;13,03953; 0,06534888; 4,346511
Player;0; 0,5; 0
Player;0; 0,5; 0
Player;0; 0,5; 0
Player;0; 0,5; 0
Follower;12,75919; 0,07469358; 4,253064
Player;0; 0,5; 0
Player;0; 0,5; 0
Player;0; 0,5; 0
Follower;12,56555; 0,08114815; 4,188518
Player;0; 0,5; 0
Follower;12,46882; 0,08437258; 4,156274
Player;0; 0,5; 0
Player;0; 0,5; 0
Follower;12,28036; 0,09065458; 4,093454
Player;0; 0,5; 0
Player;0; 0,5; 0
Follower;12,18351; 0,0938829; 4,061171
Player;0; 0,5; 0
Follower;12,08975; 0,09700829; 4,029917
Player;0; 0,5; 0
Follower;11,97247; 0,1009175; 3,990824
Player;0; 0,5; 0
Player;0; 0,5; 0
Player;0; 0,5; 0
Player;0; 0,5; 0
Follower;11,71685; 0,1094383; 3,905617
Build completed with a result of 'Succeeded' in 13 seconds (13121 ms)
11,25059; 0,1249805; 3,750195
Player;0; 0,5; 0
Player;0; 0,5; 0
Player;0; 0,5; 0
Follower;11,02689; 0,132437; 3,67563
Player;0; 0,5; 0
Player;0; 0,5; 0
Player;0; 0,5; 0
Follower;10,80971; 0,1396764; 3,603235
Player;0; 0,5; 0
Follower;10,7007; 0,14331; 3,5669
Player;0; 0,5; 0
Player;0; 0,5; 0
Follower;10,5906; 0,1469801; 3,530198
Player;0; 0,5; 0
Follower;10,48242; 0,1505861; 3,494138
Player;0; 0,5; 0
Player;0; 0,5; 0
Player;0; 0,5; 0
Follower;10,2681; 0,1577299; 3,422701
Player;0; 0,5; 0
Player;0; 0,5; 0
Player;0; 0,5; 0
Follower;10,03267; 0,1655778; 3,344222
Player;0; 0,5; 0
Player;0; 0,5; 0
Follower;9,846761; 0,1717747; 3,282253
Player;0; 0,5; 0
Player;0; 0,5; 0
Follower;9,715411; 0,176153; 3,23847
21; 0,1461282; 3,538718
Player;-5,839557; 0,5; 0
Player;-6,239557; 0,5; 0
Follower;10,25574; 0,1483131; 3,516869
Player;-6,639557; 0,5; 0
Player;-7,039557; 0,5; 0
Player;-7,439557; 0,5; 0
Player;-7,839557; 0,5; 0
Follower;9,952183; 0,1542127; 3,457873
Player;-8,239557; 0,5; 0
Follower;9,851263; 0,156131; 3,43869
Player;-8,639557; 0,5; 0
Follower;9,753576; 0,1579477; 3,420523
Player;-9,039557; 0,5; 0
Follower;9,651893; 0,1597984; 3,402016
Player;-9,439556; 0,5; 0
Player;-9,839556; 0,5; 0
Player;-10; 0,5; 0
Follower;9,451586; 0,163266; 3,36734
Player;-10; 0,5; 0
Player;-10; 0,5; 0
Follower;9,252215; 0,1667174; 3,332826
Player;-10; 0,5; 0
Player;-10; 0,5; 0
Follower;9,150043; 0,1684861; 3,315139
Player;-10; 0,5; 0
Player;-10; 0,5; 0
Follower;8,953329; 0,1718915; 3,281085
Player;-10; 0,5; 0
Player;-10; 0,5; 0
Player;-10; 0,5; 0
Follower;8,75524; 0,1753207; 3,246793
Player;-10; 0,5; 0
Follower;8,655574; 0,1770461; 3,229539
Player;-10; 0,5; 0
Player;-10; 0,5; 0
Player;-10; 0,5; 0
Follower;8,455863; 0,1805033; 3,194967
Player;-10; 0,5; 0
Follower;8,358585; 0,1821873; 3,178127
Player;-10; 0,5; 0
Player;-10; 0,5; 0
Follower;8,162488; 0,1855821; 3,144179
Player;-10; 0,5; 0
Player;-10; 0,5; 0
Follower;8,065786; 0,1872561; 3,127439
Player;-10; 0,5; 0
Follower;7,967568; 0,1889564; 3,110436
Player;-10; 0,5; 0
Follower;7,870757; 0,1906323; 3,093677
Player;-10; 0,5; 0
Follower;7,772804; 0,192328; 3,07672
Player;-10; 0,5; 0
Player;-10; 0,5; 0
Player;-10; 0,5; 0
Follower;7,579034; 0,1956825; 3,043175
Player;-10; 0,5; 0
Player;-10; 0,5; 0
Follower;7,386061; 0,1990231; 3,009769
Player;-10; 0,5; 0
Follower;7,289587; 0,2006932; 2,993068
Player;-10; 0,5; 0
Player;-10; 0,5; 0
Follower;7,194375; 0,2023415; 2,976585
Player;-10; 0,5; 0
Follower;7,09962; 0,2039818; 2,960182
Player;-10; 0,5; 0
Follower;7,000571; 0,2056964; 2,943035
Player;-10; 0,5; 0
Follower;6,907974; 0,2072994; 2,927006
Player;-10; 0,5; 0
Player;-10; 0,5; 0
Player;-10; 0,5; 0
Player;-10; 0,5; 0
Follower;6,6135; 0,2123972; 2,876028
Player;-10; 0,5; 0
Follower;6,53223; 0,2138041; 2,861959
Player;-10; 0,5; 0
Follower;6,437676; 0,215441; 2,84559
Player;-10; 0,5; 0
Follower;6,343879; 0,2170647; 2,829353
Player;-10; 0,5; 0
Player;-10; 0,5; 0
Follower;6,251685; 0,2186607; 2,813393
Player;-10; 0,5; 0
Player;-10; 0,5; 0
Follower;6,061383; 0,2219551; 2,780449
Player;-10; 0,5; 0
Player;-10; 0,5; 0
Follower;5,881146; 0,2250753; 2,749247
Player;-10; 0,5; 0
Follower;5,790324; 0,2266475; 2,733525
Player;-10; 0,5; 0
Player;-10; 0,5; 0
Follower;5,69508; 0,2282963; 2,717037
Player;-10; 0,5; 0
Follower;5,606704; 0,2298262; 2,701738
Player;-10; 0,5; 0
Player;-10; 0,5; 0
Follower;5,426671; 0,2329429; 2,670571
Player;-10; 0,5; 0
Follower;5,33669; 0,2345006; 2,654994
Player;-10; 0,5; 0
Follower;5,246265; 0,236066; 2,639341
Player;-10; 0,5; 0
Player;-10; 0,5; 0
Player;-10; 0,5; 0
Follower;5,067422; 0,239162; 2,608381
Player;-10; 0,5; 0
Follower;4,979186; 0,2406895; 2,593106
Player;-10; 0,5; 0
Player;-10; 0,5; 0
Follower;4,801953; 0,2437576; 2,562424
Player;-10; 0,5; 0
Follower;4,713151; 0,2452949; 2,547051
Player;-10; 0,5; 0
Follower;4,625675; 0,2468092; 2,531908
Player;-10; 0,5; -0,02687352
Follower;4,53745; 0,2483365; 2,516473
Player;-10; 0,5; -0,1066826
Player;-10; 0,5; -0,1864918
Follower;4,363996; 0,2513393; 2,484222
Player;-10; 0,5; -0,3467361
Player;-10; 0,5; -0,5069805
Player;-10; 0,5; -0,6672249
Player;-10; 0,5; -0,8274693
Follower;4,102769; 0,2558615; 2,423995
Player;-10; 0,5; -1,013222
Follower;4,020172; 0,2572913; 2,403864
Player;-10; 0,5; -1,225461
Follower;3,934711; 0,2587708; 2,381741
Player;-10; 0,5; -1,464169
Follower;3,849677; 0,2602429; 2,358272
Player;-10; 0,5; -1,728992
Follower;3,766195; 0,2616881; 2,333635
Player;-10; 0,5; -2,046105
Player;-10; 0,5; -2,363218
Follower;3,601256; 0,2645434; 2,27736
Player;-10; 0,5; -2,706378
Follower;3,519743; 0,2659545; 2,247492
Player;-10; 0,5; -2,997438
Player;-10; 0,5; -3,288499
Player;-10; 0,5; -3,579559
Follower;3,360279; 0,2687151; 2,178763
Player;-10; 0,5; -3,818984
Player;-10; 0,5; -4,058409
Follower;3,204339; 0,2714146; 2,105963
Player;-10; 0,5; -4,2462
Player;-10; 0,5; -4,43399
Follower;3,050125; 0,2740843; 2,029583
Player;-10; 0,5; -4,59564
Follower;2,972434; 0,2754292; 1,990141
Player;-10; 0,5; -4,732027
Follower;2,897678; 0,2767234; 1,951403
Player;-10; 0,5; -4,842931
Follower;2,822536; 0,2780242; 1,911819
Player;-10; 0,5; -4,927666
Follower;2,745576; 0,2793564; 1,870769
Player;-10; 0,5; -4,961992
Player;-10; 0,5; -4,996319
Follower;2,597669; 0,2819169; 1,79108
Player;-10; 0,5; -4,996319
Player;-10; 0,5; -4,996319
Follower;2,448733; 0,2844952; 1,710836
Player;-10; 0,5; -4,996319
Follower;2,374354; 0,2857828; 1,670762
Player;-10; 0,5; -4,996319
Player;-10; 0,5; -4,996319
Follower;2,299421; 0,28708; 1,630389
Player;-10; 0,5; -4,996319
Follower;2,226129; 0,2883488; 1,590901
Player;-10; 0,5; -4,996319
Follower;2,151452; 0,2896415; 1,550666
Player;-10; 0,5; -4,996319
Follower;2,077595; 0,2909201; 1,510873
Player;-10; 0,5; -4,996319
Follower;2,00425; 0,2921898; 1,471356
Player;-10; 0,5; -4,996319
Player;-10; 0,5; -4,996319
Player;-10; 0,5; -4,996319
Follower;1,784678; 0,2959909; 1,353055
Player;-10; 0,5; -4,996319
Follower;1,711856; 0,2972516; 1,31382
Player;-10; 0,5; -4,996319
Follower;1,637811; 0,2985334; 1,273925
Player;-10; 0,5; -4,996319
Follower;1,563902; 0,2998129; 1,234105
Player;-10; 0,5; -4,996319
Follower;1,491621; 0,3010642; 1,195161
Player;-9,975035; 0,5; -4,996319
Follower;1,418403; 0,3023344; 1,155626
Player;-9,875964; 0,5; -4,996319
Player;-9,776894; 0,5; -4,996319
Player;-9,677823; 0,5; -4,996319
Follower;1,202395; 0,3061824; 1,035867
Player;-9,529748; 0,5; -4,996319
Player;-9,381673; 0,5; -4,996319
Follower;1,060494; 0,3087809; 0,9549937
Player;-9,207878; 0,5; -4,996319
Follower;0,9863291; 0,310162; 0,9120096
Player;-9,010942; 0,5; -4,996319
Follower;0,9199303; 0,3114228; 0,8727683
Player;-8,78976; 0,5; -4,996319
Follower;0,8507753; 0,3127659; 0,8309671
Player;-8,519776; 0,5; -4,996319
Player;-8,249793; 0,5; -4,996319
Follower;0,7138012; 0,315584; 0,7432597
Player;-7,955551; 0,5; -4,996319
Follower;0,6463877; 0,317018; 0,6986284
Player;-7,636661; 0,5; -4,996319
Follower;0,578696; 0,3185134; 0,6520875
Player;-7,29354; 0,5; -4,996319
Follower;0,5130827; 0,3200261; 0,6050093
Player;-6,901865; 0,5; -4,996319
Player;-6,510189; 0,5; -4,996319
Follower;0,3865749; 0,3232679; 0,5041144
Player;-6,110189; 0,5; -4,996319
Follower;0,3255297; 0,3249285; 0,452431
Player;-5,710189; 0,5; -4,996319
Player;-5,310189; 0,5; -4,996319
Follower;0,210724; 0,3284949; 0,341434
Player;-4,910189; 0,5; -4,996319
Follower;0,1551427; 0,3303564; 0,2834992
Player;-4,510189; 0,5; -4,996319
Follower;0,1024717; 0,3322716; 0,2238908
Player;-4,110188; 0,5; -4,996319
Follower;0,05249552; 0,3342614; 0,1619616
Player;-3,710188; 0,5; -4,996319
Follower;0,00483471; 0,3363608; 0,09662323
Player;-3,310188; 0,5; -4,996319
Follower;-0,03852312; 0,3385011; 0,03001164
Player;-2,910188; 0,5; -4,996319
Player;-2,510188; 0,5; -4,996319
Follower;-0,1098188; 0,3431595; -0,1149738
Player;-2,110188; 0,5; -4,996319
Player;-1,710188; 0,5; -4,996319
Follower;-0,1589399; 0,3479735; -0,2648
Player;-1,310188; 0,5; -4,996319
Follower;-0,1773777; 0,3504083; -0,3405775
Player;-0,9101881; 0,5; -4,996319
Follower;-0,189639; 0,3529113; -0,4184768
Player;-0,5101881; 0,5; -4,996319
Follower;-0,1951984; 0,3554623; -0,4978723
Player;-0,1101881; 0,5; -4,996319
Follower;-0,1937112; 0,3579909; -0,5765693
Player;0,2898118; 0,5; -4,996319
Follower;-0,1851953; 0,3604919; -0,6544105
Player;0,6898118; 0,5; -4,996319
Follower;-0,1695723; 0,3629828; -0,7319343
Player;1,089812; 0,5; -4,996319
Player;1,489812; 0,5; -4,996319
Follower;-0,113014; 0,3676529; -0,8772812
Player;1,889812; 0,5; -4,996319
Player;2,289812; 0,5; -4,996319
Follower;-0,0347326; 0,3719646; -1,011475
Player;2,689812; 0,5; -4,996319
Follower;0,01012959; 0,3740728; -1,077089
Player;3,089812; 0,5; -4,996319
Follower;0,05740085; 0,3760057; -1,137247
Player;3,489812; 0,5; -4,996319
Follower;0,107172; 0,3778037; -1,193205
Player;3,889812; 0,5; -4,996319
Follower;0,162359; 0,3795865; -1,24869
Player;4,289812; 0,5; -4,996319
Player;4,689812; 0,5; -4,996319
Follower;0,2804665; 0,3827277; -1,346455
Player;5,089812; 0,5; -4,996319
Follower;0,3405807; 0,3841935; -1,392076
Player;5,489812; 0,5; -4,996319
Follower;0,4028861; 0,3855948; -1,435687
Player;5,889812; 0,5; -4,996319
Follower;0,4672921; 0,3869377; -1,477482
Player;6,289813; 0,5; -4,996319
Player;6,689813; 0,5; -4,996319
Follower;0,5995245; 0,3893403; -1,55226
Player;7,089813; 0,5; -4,996319
Follower;0,6663091; 0,390479; -1,587699
Player;7,489813; 0,5; -4,996319
Player;7,889813; 0,5; -4,996319
Follower;0,8046641; 0,3925767; -1,652986
Follower;0,8710487; 0,3935832; -1,684311
Player;8,289813; 0,5; -4,996319
Follower;0,9389023; 0,3945565; -1,714604
Player;8,689813; 0,5; -4,996319
Follower;1,00887; 0,3955084; -1,744228
Player;9,089812; 0,5; -4,996319
Follower;1,078183; 0,3964046; -1,772122
Player;9,489812; 0,5; -4,996319
Follower;1,146774; 0,3972494; -1,798413
Player;9,889812; 0,5; -4,996319
Follower;1,217624; 0,398082; -1,824328
Player;10; 0,5; -4,996319
Player;10; 0,5; -4,996319
Player;10; 0,5; -4,996319
Follower;1,428347; 0,4005274; -1,900436
Player;10; 0,5; -4,996319
Player;10; 0,5; -4,996319
Follower;1,566062; 0,4021256; -1,950175
Player;10; 0,5; -4,996319
Follower;1,634741; 0,4029226; -1,974981
Player;10; 0,5; -4,996319
Follower;1,704776; 0,4037353; -2,000276
Player;10; 0,5; -4,996319
Follower;1,773572; 0,4045337; -2,025123
Follower;1,843516; 0,4053454; -2,050385
Player;10; 0,5; -4,996319
Player;10; 0,5; -4,996319
Follower;1,982463; 0,4069578; -2,10057
Player;10; 0,5; -4,996319
Player;10; 0,5; -4,996319
Follower;2,121056; 0,4085662; -2,150626
Player;10; 0,5; -4,996319
Follower;2,189333; 0,4093585; -2,175287
Player;10; 0,5; -4,996319
Follower;2,258206; 0,4101578; -2,200162
Player;10; 0,5; -4,996319
Follower;2,326473; 0,41095; -2,224818
Player;10; 0,5; -4,996319
Follower;2,395207; 0,4117477; -2,249643
Player;10; 0,5; -4,996319
Follower;2,463527; 0,4125406; -2,274319
Player;10; 0,5; -4,996319
Player;10; 0,5; -4,996319
Follower;2,600826; 0,4141339; -2,323908
Follower;2,668417; 0,4149182; -2,348321
Player;10; 0,5; -4,996319
Follower;2,73556; 0,4156974; -2,372571
Player;10; 0,5; -4,996319
Player;10; 0,5; -4,996319
Follower;2,87222; 0,4172833; -2,42193
Player;10; 0,5; -4,996319
Follower;2,938345; 0,4180507; -2,445812
Player;10; 0,5; -4,996319
Follower;3,005358; 0,4188284; -2,470016
Player;10; 0,5; -4,996319
Follower;3,074006; 0,419625; -2,49481
Player;10; 0,5; -4,996319
Player;10; 0,5; -4,996319
Follower;3,208444; 0,4211851; -2,543366
Follower;3,275342; 0,4219615; -2,567528
Player;10; 0,5; -4,996319
Follower;3,34238; 0,4227394; -2,591741
Player;10; 0,5; -4,996319
Follower;3,409398; 0,4235171; -2,615946
Player;10; 0,5; -4,996319
Follower;3,47686; 0,4243; -2,640312
Player;10; 0,5; -4,996319
Follower;3,544267; 0,4250823; -2,664658
Player;10; 0,5; -4,996319
Player;10; 0,5; -4,996319
Follower;3,677633; 0,42663; -2,712826
Player;10; 0,5; -4,953465
Player;10; 0,5; -4,91061
Follower;3,812553; 0,4281957; -2,759727
Player;10; 0,5; -4,825705
Follower;3,945499; 0,4297385; -2,804118
Player;10; 0,5; -4,719885
Follower;4,011962; 0,4305098; -2,825148
Player;10; 0,5; -4,593451
Follower;4,077858; 0,4312745; -2,844608
Player;10; 0,5; -4,445789
Follower;4,146161; 0,4320671; -2,863075
Player;10; 0,5; -4,277267
Follower;4,213747; 0,4328514; -2,879402
Player;10; 0,5; -4,087743
Follower;4,282272; 0,4336466; -2,893713
Player;10; 0,5; -3,856347
Follower;4,419898; 0,4352438; -2,916883
Player;10; 0,5; -3,582811
Player;10; 0,5; -3,309274
Follower;4,56001; 0,4368698; -2,926736
Player;10; 0,5; -3,01519
Follower;4,628488; 0,4376644; -2,927849
Player;10; 0,5; -2,700308
Follower;4,697752; 0,4384682; -2,924915
Player;10; 0,5; -2,364684
Follower;4,766499; 0,4392661; -2,917651
Player;10; 0,5; -2,008064
Follower;4,835452; 0,4400662; -2,905667
Player;10; 0,5; -1,630919
Follower;4,901868; 0,440837; -2,889274
Player;10; 0,5; -1,230919
Follower;5,033228; 0,4423614; -2,846545
Player;10; 0,5; -0,8309193
Follower;5,096048; 0,4430904; -2,821051
Player;10; 0,5; -0,4309193
Follower;5,158116; 0,4438107; -2,7908
Player;10; 0,5; -0,03091931
Follower;5,21713; 0,4444956; -2,757162
Player;10; 0,5; 0,3690807
Player;10; 0,5; 0,7690806
Follower;5,326926; 0,4457697; -2,676213
Follower;5,382635; 0,4464162; -2,635141
Player;10; 0,5; 1,169081
Follower;5,434797; 0,4470216; -2,592164
Player;10; 0,5; 1,569081
Player;10; 0,5; 1,969081
Follower;5,532478; 0,4481551; -2,494568
Player;10; 0,5; 2,369081
Follower;5,577452; 0,448677; -2,445607
Player;10; 0,5; 2,769081
Follower;5,623245; 0,4492085; -2,391611
Player;10; 0,5; 3,169081
Follower;5,668413; 0,4497326; -2,334225
Follower;5,704824; 0,4501552; -2,287964
Player;10; 0,5; 3,548553
Follower;5,74538; 0,4506258; -2,232854
Player;9,959351; 0,5; 3,887376
Player;9,918701; 0,5; 4,226198
Follower;5,818913; 0,4514958; -2,119047
Player;9,797595; 0,5; 4,484565
Player;9,676489; 0,5; 4,742931
Player;9,555383; 0,5; 5
Follower;5,943547; 0,4531137; -1,881585
Player;9,414299; 0,5; 5
Follower;5,973535; 0,4535188; -1,822126
Player;9,253046; 0,5; 5
Follower;6,002662; 0,4539316; -1,761536
Player;9,071419; 0,5; 5
Follower;6,03073; 0,454353; -1,699692
Player;8,870646; 0,5; 5
Follower;6,055635; 0,4547533; -1,640937
Follower;6,081741; 0,4551729; -1,57935
Player;8,610594; 0,5; 5
Player;8,350541; 0,5; 5
Follower;6,124351; 0,4560148; -1,455786
Player;8,070951; 0,5; 5
Follower;6,143151; 0,4564396; -1,393438
Player;7,771676; 0,5; 5
Follower;6,159348; 0,4568728; -1,329849
Player;7,432837; 0,5; 5
Follower;6,185358; 0,4577537; -1,200567
Player;7,074366; 0,5; 5
Follower;6,194646; 0,458195; -1,135788
Player;6,696318; 0,5; 5
Follower;6,199964; 0,4586382; -1,07075
Player;6,298399; 0,5; 5
Follower;6,201037; 0,4590894; -1,004525
Player;5,898399; 0,5; 5
Follower;6,197797; 0,4595274; -0,9402314
Player;5,498399; 0,5; 5
Follower;6,182588; 0,4604075; -0,811059
Player;5,098399; 0,5; 5
Follower;6,170684; 0,4608423; -0,7472535
Player;4,698399; 0,5; 5
Follower;6,154558; 0,4612712; -0,6843024
Player;4,298399; 0,5; 5
Follower;6,134028; 0,4616995; -0,6214328
Follower;6,114286; 0,4621114; -0,5609766
Player;3,898399; 0,5; 5
Follower;6,090381; 0,4625202; -0,5009826
Player;3,498399; 0,5; 5
Player;3,098399; 0,5; 5
Follower;6,029318; 0,4632851; -0,3887152
Player;2,698399; 0,5; 5
Follower;5,994688; 0,4636668; -0,3326902
Player;2,298398; 0,5; 5
Follower;5,921783; 0,4643834; -0,2275096
Player;1,898399; 0,5; 5
Follower;5,884347; 0,4647148; -0,1788696
Player;1,498399; 0,5; 5
Follower;5,842388; 0,4650524; -0,129325
Player;1,098399; 0,5; 5
Follower;5,800974; 0,4653575; -0,08454718
Follower;5,757288; 0,4656793; -0,03731289
Player;0,6983986; 0,5; 5
Follower;5,712885; 0,4659806; 0,006900816
Player;0,2983986; 0,5; 5
Follower;5,665767; 0,4662766; 0,05035214
Player;-0,1016014; 0,5; 5
Follower;5,619045; 0,4665498; 0,09045013
Player;-0,5016013; 0,5; 5
Follower;5,56939; 0,4668212; 0,1302798
Player;-0,9016013; 0,5; 5
Player;-1,301601; 0,5; 5
Follower;5,415226; 0,4675656; 0,2395408
Player;-1,701601; 0,5; 5
Follower;5,362929; 0,467804; 0,2745228
Follower;5,311681; 0,4680375; 0,3088024
Player;-2,101601; 0,5; 5
Follower;5,258519; 0,4682667; 0,3424439
Player;-2,501601; 0,5; 5
Follower;5,207396; 0,4684758; 0,3731278
Player;-2,901601; 0,5; 5
Follower;5,153333; 0,468686; 0,4039753
Player;-3,301601; 0,5; 5
Follower;5,100107; 0,4688831; 0,4329083
Follower;5,044431; 0,4690893; 0,4631732
Player;-3,701602; 0,5; 5
Player;-4,101602; 0,5; 5
Follower;4,933054; 0,4694657; 0,5184211
Player;-4,501602; 0,5; 5
Follower;4,879605; 0,4696387; 0,54381
Player;-4,901602; 0,5; 5
Follower;4,767223; 0,4699875; 0,5950096
Player;-5,301602; 0,5; 5
Follower;4,713155; 0,4701487; 0,6186637
Player;-5,701602; 0,5; 5
Follower;4,658043; 0,4703067; 0,6418487
Follower;4,600241; 0,4704723; 0,6661652
Player;-6,101602; 0,5; 5
Follower;4,545806; 0,4706225; 0,6882091
Player;-6,501602; 0,5; 5
Follower;4,488135; 0,4707759; 0,7107181
Player;-6,901602; 0,5; 5
Follower;4,374589; 0,4710672; 0,7534785
Player;-7,301602; 0,5; 5
Follower;4,320148; 0,4712022; 0,7732785
Player;-7,683012; 0,5; 5
Follower;4,261698; 0,4713424; 0,7938607
Player;-8,028673; 0,5; 5
Follower;4,148955; 0,4716053; 0,8324445
Player;-8,356304; 0,5; 5
Follower;4,091938; 0,4717347; 0,8514464
Player;-8,648156; 0,5; 5
Player;-8,940008; 0,5; 5
Follower;3,978295; 0,4719812; 0,8876232
Follower;3,921965; 0,4721034; 0,9055551
Player;-9,195556; 0,5; 5
Follower;3,862878; 0,4722291; 0,9239983
Player;-9,41575; 0,5; 5
Player;-9,635943; 0,5; 5
Follower;3,750063; 0,4724612; 0,9580629
Player;-9,831219; 0,5; 5
Follower;3,670452; 0,4726226; 0,9817559
Follower;3,63653; 0,4726914; 0,9918516
Player;-9,99824; 0,5; 5
Follower;3,580126; 0,4728044; 1,008433
Player;-10; 0,5; 5
Follower;3,524294; 0,4729162; 1,024843
Follower;3,467919; 0,4730291; 1,041413
Player;-10; 0,5; 5
Follower;3,411564; 0,4731419; 1,057977
Player;-10; 0,5; 4,978618
Follower;3,343154; 0,4732789; 1,077976
Player;-10; 0,5; 4,924724
Follower;3,239022; 0,4734875; 1,107997
Player;-10; 0,5; 4,819205
Player;-10; 0,5; 4,713686
Follower;3,072988; 0,47382; 1,153216
Player;-10; 0,5; 4,590788
Follower;3,016962; 0,4739322; 1,167949
Player;-10; 0,5; 4,450588
Follower;2,96104; 0,4740442; 1,182051
Player;-10; 0,5; 4,292715
Follower;2,903756; 0,4741589; 1,195799
Follower;2,847147; 0,4742723; 1,209386
Player;-10; 0,5; 4,100169
Follower;2,791188; 0,4743843; 1,221977
Player;-10; 0,5; 3,890253
Follower;2,734507; 0,4744978; 1,233801
Player;-10; 0,5; 3,66339
Follower;2,679017; 0,474609; 1,244388
Follower;2,620906; 0,4747253; 1,255475
Player;-10; 0,5; 3,384174
Player;-10; 0,5; 3,104958
Follower;2,506775; 0,4749539; 1,2722
Follower;2,450996; 0,4750656; 1,280373
Player;-10; 0,5; 2,774634
Player;-10; 0,5; 2,444309
Follower;2,337505; 0,4752929; 1,290983
Player;-10; 0,5; 2,096404
Follower;2,279027; 0,47541; 1,2948
Follower;2,222883; 0,4755224; 1,298465
Player;-10; 0,5; 1,714728
Follower;2,166609; 0,4756351; 1,300382
Player;-10; 0,5; 1,316053
Follower;2,109947; 0,4757486; 1,300455
Follower;2,053006; 0,4758626; 1,300528
Player;-10; 0,5; 0,9160531
Follower;1,995754; 0,4759773; 1,298702
Player;-10; 0,5; 0,5160531
Player;-10; 0,5; 0,1160531
Follower;1,883909; 0,4762013; 1,287675
Follower;1,827438; 0,4763144; 1,282108
Player;-10; 0,5; -0,2839469
Follower;1,77178; 0,4764258; 1,274738
Player;-10; 0,5; -0,6839468
Follower;1,717063; 0,4765354; 1,265634
Follower;1,662004; 0,4766457; 1,256473
Player;-10; 0,5; -1,083947
Follower;1,605992; 0,4767579; 1,245232
Player;-10; 0,5; -1,483947
Follower;1,497146; 0,4769758; 1,219636
Player;-10; 0,5; -1,883947
Follower;1,440874; 0,4770885; 1,204446
Player;-10; 0,5; -2,283947
Follower;1,388953; 0,4771925; 1,188615
Player;-10; 0,5; -2,683947
Follower;1,281761; 0,4774072; 1,152167
Player;-10; 0,5; -3,083947
Follower;1,229766; 0,4775113; 1,132644
Player;-10; 0,5; -3,483947
Follower;1,17898; 0,477613; 1,111765
Follower;1,126659; 0,4777178; 1,090256
Player;-10; 0,5; -3,833605
Player;-10; 0,5; -4,183262
Follower;1,02614; 0,4779191; 1,042615
Follower;0,9759893; 0,4780195; 1,018846
Player;-10; 0,5; -4,499736
Follower;0,9267493; 0,4781181; 0,9940884
Player;-10; 0,5; -4,799598
Follower;0,8778263; 0,4782161; 0,9681479
Player;-10; 0,5; -5
Follower;0,8292245; 0,4783134; 0,9414824
Player;-10; 0,5; -5
Player;-10; 0,5; -5
Follower;0,6830579; 0,4786061; 0,8612877
Follower;0,6346595; 0,4787031; 0,8347338
Player;-10; 0,5; -5
Follower;0,5860517; 0,4788004; 0,808065
Player;-10; 0,5; -5
Follower;0,5368653; 0,4788989; 0,7810788
Follower;0,4893022; 0,4789941; 0,7549831
Player;-10; 0,5; -5
Follower;0,4405763; 0,4790917; 0,7282495
Player;-10; 0,5; -5
Follower;0,3923897; 0,4791882; 0,7018118
Follower;0,3443097; 0,4792845; 0,6754326
Player;-10; 0,5; -5
Follower;0,2957142; 0,4793818; 0,6487705
Player;-10; 0,5; -5
Follower;0,2007497; 0,479572; 0,596668
Player;-10; 0,5; -5
Follower;0,1530193; 0,4796675; 0,5704806
Player;-10; 0,5; -5
Follower;0,1049186; 0,4797639; 0,5440901
Player;-10; 0,5; -5
Follower;0,008823895; 0,4799563; 0,4913675
Player;-10; 0,5; -5
Follower;-0,03908741; 0,4800522; 0,4650808
Player;-10; 0,5; -5
Follower;-0,0869356; 0,480148; 0,4388288
Follower;-0,1353856; 0,4802451; 0,4122466
Player;-10; 0,5; -5
Follower;-0,1830598; 0,4803406; 0,38609
Player;-10; 0,5; -5
Follower;-0,2309567; 0,4804365; 0,3598112
Player;-10; 0,5; -5
Follower;-0,3267611; 0,4806283; 0,3072478
Player;-10; 0,5; -5
Follower;-0,3738813; 0,4807227; 0,2813953
Follower;-0,4211715; 0,4808174; 0,2554494
Player;-10; 0,5; -5
Follower;-0,468454; 0,4809121; 0,2295077
Player;-10; 0,5; -5
Follower;-0,5164141; 0,4810081; 0,2031943
Follower;-0,5629542; 0,4811013; 0,1776599
Player;-10; 0,5; -5
Follower;-0,6105475; 0,4811966; 0,1515477
Player;-10; 0,5; -5
Follower;-0,7062979; 0,4813884; 0,09901405
Player;-10; 0,5; -5
Follower;-0,7529019; 0,4814817; 0,07344466
Player;-10; 0,5; -5
Follower;-0,8004092; 0,4815769; 0,04737965
Player;-10; 0,5; -5
Follower;-0,8938237; 0,4817639; -0,003872436
Player;-10; 0,5; -5
Follower;-0,9405041; 0,4818574; -0,02948376
Follower;-0,9874633; 0,4819514; -0,05524805
Player;-10; 0,5; -5
Follower;-1,033782; 0,4820442; -0,08066119
Player;-10; 0,5; -5
Follower;-1,081515; 0,4821398; -0,1068499
Follower;-1,128416; 0,4822337; -0,1325823
Player;-10; 0,5; -5
Follower;-1,174551; 0,4823261; -0,157894
Player;-10; 0,5; -5
Follower;-1,220919; 0,482419; -0,1833343
Follower;-1,267674; 0,4825126; -0,2089866
Player;-10; 0,5; -5
Follower;-1,313411; 0,4826042; -0,2340802
Player;-10; 0,5; -5
Follower;-1,406137; 0,4827899; -0,2849546
Player;-10; 0,5; -5
Player;-10; 0,5; -5
Follower;-1,499227; 0,4829763; -0,3360287
Follower;-1,545434; 0,4830688; -0,3613803
Player;-10; 0,5; -5
Follower;-1,59156; 0,4831612; -0,3866874
Player;-10; 0,5; -5
Follower;-1,637449; 0,4832531; -0,4118645
Follower;-1,683211; 0,4833447; -0,4369717
Player;-10; 0,5; -5
Follower;-1,729496; 0,4834374; -0,4623666
Player;-10; 0,5; -5
Follower;-1,787544; 0,4835537; -0,4942145
Follower;-1,832704; 0,4836441; -0,5189918
Player;-10; 0,5; -5
Follower;-1,87846; 0,4837358; -0,5440959
Player;-10; 0,5; -5
Follower;-1,914283; 0,4838075; -0,56375
Follower;-1,960346; 0,4838997; -0,5890227
Player;-10; 0,5; -5
Player;-10; 0,5; -5
Follower;-2,053981; 0,4840873; -0,6403958
Player;-10; 0,5; -5
Follower;-2,145555; 0,4842706; -0,6906382
Player;-10; 0,5; -5
Follower;-2,191514; 0,4843627; -0,7158541
Follower;-2,237966; 0,4844557; -0,7413396
Player;-10; 0,5; -5
Follower;-2,283587; 0,484547; -0,7663697
Player;-10; 0,5; -5
Follower;-2,329575; 0,4846391; -0,7916012
Follower;-2,374734; 0,4847296; -0,8163779
Player;-10; 0,5; -5
Follower;-2,420366; 0,484821; -0,841414
Follower;-2,465327; 0,484911; -0,866082
Player;-10; 0,5; -5
Follower;-2,510947; 0,4850024; -0,8911116
Player;-10; 0,5; -5
Follower;-2,603106; 0,4851869; -0,9416753
Player;-10; 0,5; -5
Follower;-2,648612; 0,4852781; -0,9666423
Player;-10; 0,5; -5
Follower;-2,694219; 0,4853694; -0,9916645
Follower;-2,739377; 0,4854598; -1,01644
Player;-10; 0,5; -5
Follower;-2,785076; 0,4855514; -1,041514
Player;-10; 0,5; -5
Follower;-2,875824; 0,4857331; -1,091302
Player;-10; 0,5; -5
Follower;-2,920779; 0,4858231; -1,115967
Player;-10; 0,5; -5
Follower;-2,966405; 0,4859145; -1,141
Follower;-3,011957; 0,4860057; -1,165992
Player;-10; 0,5; -5
Follower;-3,057494; 0,4860969; -1,190976
Player;-10; 0,5; -5
Follower;-3,14922; 0,4862806; -1,241302
Player;-10; 0,5; -5
Follower;-3,193889; 0,4863701; -1,265809
Player;-10; 0,5; -5
Follower;-3,239122; 0,4864607; -1,290627
Follower;-3,284349; 0,4865513; -1,315441
Player;-10; 0,5; -5
Follower;-3,329054; 0,4866408; -1,339968
Follower;-3,374682; 0,4867322; -1,365002
Player;-10; 0,5; -5
Follower;-3,419647; 0,4868222; -1,389672
Player;-10; 0,5; -5
Follower;-3,464527; 0,4869121; -1,414296
Follower;-3,509499; 0,4870022; -1,438969
Player;-10; 0,5; -5
Player;-10; 0,5; -5
Follower;-3,600925; 0,4871852; -1,489131
Player;-10; 0,5; -5
Follower;-3,689878; 0,4873634; -1,537935
Player;-10; 0,5; -5
Follower;-3,746442; 0,4874766; -1,568969
Follower;-3,78093; 0,4875457; -1,587891
Player;-10; 0,5; -5
Follower;-3,824646; 0,4876333; -1,611876
Player;-10; 0,5; -5
Follower;-3,869516; 0,4877231; -1,636494
Follower;-3,91459; 0,4878134; -1,661224
Player;-10; 0,5; -5
Follower;-3,958369; 0,4879011; -1,685244
Follower;-4,003194; 0,4879908; -1,709836
Player;-10; 0,5; -5
Follower;-4,04826; 0,4880811; -1,734562
Player;-10; 0,5; -5
Follower;-4,093368; 0,4881714; -1,759311
Follower;-4,140378; 0,4882655; -1,785103
Player;-10; 0,5; -5
Player;-10; 0,5; -5
Follower;-4,227324; 0,4884396; -1,832806
Player;-10; 0,5; -5
Follower;-4,31758; 0,4886204; -1,882325
Player;-10; 0,5; -5
Follower;-4,360862; 0,4887071; -1,906072
Follower;-4,405034; 0,4887955; -1,930307
Player;-10; 0,5; -5
Follower;-4,451102; 0,4888878; -1,955583
Follower;-4,493911; 0,4889735; -1,97907
Player;-10; 0,5; -5
Follower;-4,539272; 0,4890644; -2,003958
Player;-10; 0,5; -5
Follower;-4,583177; 0,4891523; -2,028046
Follower;-4,627243; 0,4892405; -2,052223
Player;-10; 0,5; -5
Follower;-4,67189; 0,4893299; -2,076719
Player;-10; 0,5; -5
Follower;-4,762738; 0,4895119; -2,126562
Player;-10; 0,5; -5
Follower;-4,80513; 0,4895968; -2,149821
Follower;-4,849763; 0,4896862; -2,174309
Player;-10; 0,5; -5
Follower;-4,896337; 0,4897794; -2,199862
Player;-10; 0,5; -5
Follower;-4,937356; 0,4898616; -2,222367
Player;-10; 0,5; -5
Follower;-5,026443; 0,49004; -2,271245
Player;-10; 0,5; -5
Follower;-5,069473; 0,4901261; -2,294853
Follower;-5,113475; 0,4902143; -2,318995
Player;-10; 0,5; -5
Follower;-5,15768; 0,4903028; -2,343248
Follower;-5,20061; 0,4903888; -2,366802
Player;-10; 0,5; -5
Player;-10; 0,5; -5
Follower;-5,287782; 0,4905633; -2,414629
Follower;-5,338024; 0,4906639; -2,442194
Player;-10; 0,5; -5
Follower;-5,377791; 0,4907436; -2,464012
Player;-10; 0,5; -5
Follower;-5,417748; 0,4908236; -2,485935
Follower;-5,461003; 0,4909102; -2,509667
Player;-10; 0,5; -5
Follower;-5,505016; 0,4909984; -2,533815
Follower;-5,547623; 0,4910837; -2,557191
Player;-10; 0,5; -5
Follower;-5,591197; 0,4911709; -2,581098
Player;-10; 0,5; -5
Follower;-5,635063; 0,4912588; -2,605165
Follower;-5,678817; 0,4913464; -2,629171
Player;-10; 0,5; -5
Player;-10; 0,5; -5
Follower;-5,766578; 0,4915222; -2,677321
Player;-10; 0,5; -5
Follower;-5,855279; 0,4916998; -2,725988
Follower;-5,897662; 0,4917847; -2,749241
Player;-10; 0,5; -5
Follower;-5,941783; 0,491873; -2,773448
Player;-10; 0,5; -5
Follower;-5,995086; 0,4919798; -2,802693
Player;-10; 0,5; -5
Follower;-6,073501; 0,4921368; -2,845716
Player;-10; 0,5; -5
Follower;-6,159004; 0,492308; -2,892627
Player;-10; 0,5; -5
Follower;-6,204335; 0,4923988; -2,917498
Player;-10; 0,5; -5
Follower;-6,287462; 0,4925653; -2,963106
Player;-10; 0,5; -5
Follower;-6,330434; 0,4926513; -2,986683
Player;-10; 0,5; -5
Follower;-6,416328; 0,4928234; -3,033808
Player;-10; 0,5; -5
Player;-10; 0,5; -5
Follower;-6,544547; 0,4930801; -3,104156
Follower;-6,586252; 0,4931636; -3,127038
Player;-10; 0,5; -5
Follower;-6,629001; 0,4932493; -3,150492
Follower;-6,671822; 0,493335; -3,173986
Player;-10; 0,5; -5
Follower;-6,714405; 0,4934203; -3,197349
Player;-10; 0,5; -5
Follower;-6,756886; 0,4935054; -3,220656
Follower;-6,799407; 0,4935905; -3,243985
Player;-10; 0,5; -5
Follower;-6,842358; 0,4936765; -3,267551
Player;-10; 0,5; -5
Follower;-6,886251; 0,4937644; -3,291633
Player;-10; 0,5; -5
Follower;-6,969943; 0,493932; -3,337551
Player;-10; 0,5; -5
Follower;-7,035112; 0,4940625; -3,373306
Player;-10; 0,5; -5
Follower;-7,096061; 0,4941846; -3,406746
Follower;-7,138423; 0,4942694; -3,429988
Player;-10; 0,5; -5
Follower;-7,226969; 0,4944468; -3,478569
Player;-10; 0,5; -5
Player;-10; 0,5; -5
Follower;-7,306734; 0,4946065; -3,522332
Follower;-7,348481; 0,4946901; -3,545237
Player;-10; 0,5; -5
Follower;-7,418437; 0,4948302; -3,583619
,312537; 0,5; 5
Follower;-2,312537; 0,5; 4,255374
Follower;-2,312537; 0,5; 4,325715
Follower;-2,312537; 0,5; 4,396561
Player;-2,312537; 0,5; 5
Follower;-2,312537; 0,5; 4,465434
Follower;-2,312537; 0,5; 4,536165
Player;-2,312537; 0,5; 5
Follower;-2,312537; 0,5; 4,614425
Follower;-2,312537; 0,5; 4,683728
Follower;-2,312537; 0,5; 4,754479
Player;-2,312537; 0,5; 5
Follower;-2,312537; 0,5; 4,822319
Follower;-2,312537; 0,5; 4,890616
Follower;-2,312537; 0,5; 4,962744
Player;-2,312537; 0,5; 5
Follower;-2,312537; 0,5; 5
Follower;-2,312537; 0,5; 5
Follower;-2,312537; 0,5; 5
Player;-2,312537; 0,5; 5
Follower;-2,312537; 0,5; 5
Player;-2,312537; 0,5; 5
Follower;-2,312537; 0,5; 5
Follower;-2,312537; 0,5; 5
Player;-2,312537; 0,5; 5
Follower;-2,312537; 0,5; 5
Follower;-2,312537; 0,5; 5
Follower;-2,312537; 0,5; 5
Player;-2,312537; 0,5; 5
Follower;-2,312537; 0,5; 5
Follower;-2,312537; 0,5; 5
Follower;-2,312537; 0,5; 5
Player;-2,312537; 0,5; 5
Follower;-2,312537; 0,5; 5
Follower;-2,312537; 0,5; 5
Follower;-2,312537; 0,5; 5
Player;-2,312537; 0,5; 5
Follower;-2,312537; 0,5; 5
Follower;-2,312537; 0,5; 5
Follower;-2,312537; 0,5; 5
Player;-2,312537; 0,5; 5
Follower;-2,312537; 0,5; 5
Follower;-2,312537; 0,5; 5
Follower;-2,312537; 0,5; 5
Player;-2,312537; 0,5; 5
Follower;-2,312537; 0,5; 5
Follower;-2,312537; 0,5; 5
Follower;-2,312537; 0,5; 5
Player;-2,312537; 0,5; 5
Follower;-2,312537; 0,5; 5
Follower;-2,312537; 0,5; 5
Follower;-2,312537; 0,5; 5
Player;-2,312537; 0,5; 5
Follower;-2,312537; 0,5; 5
Follower;-2,312537; 0,5; 5
Player;-2,312537; 0,5; 5
Follower;-2,312537; 0,5; 5
Follower;-2,312537; 0,5; 5
Follower;-2,312537; 0,5; 5
Player;-2,312537; 0,5; 5
Follower;-2,312537; 0,5; 5
Follower;-2,312537; 0,5; 5
Follower;-2,312537; 0,5; 5
Player;-2,312537; 0,5; 5
Follower;-2,312537; 0,5; 5
Follower;-2,312537; 0,5; 5
Follower;-2,312537; 0,5; 5
Player;-2,312537; 0,5; 5
Follower;-2,312537; 0,5; 5
Follower;-2,312537; 0,5; 5
Follower;-2,312537; 0,5; 5
Player;-2,312537; 0,5; 5
Follower;-2,312537; 0,5; 5
Follower;-2,312537; 0,5; 5
Follower;-2,312537; 0,5; 5
Player;-2,312537; 0,5; 5
Follower;-2,312537; 0,5; 5
Follower;-2,312537; 0,5; 5
Follower;-2,312537; 0,5; 5
Player;-2,312537; 0,5; 5
Follower;-2,312537; 0,5; 5
Follower;-2,312537; 0,5; 5
Follower;-2,312537; 0,5; 5
Player;-2,312537; 0,5; 5
Follower;-2,312537; 0,5; 5
Follower;-2,312537; 0,5; 5
Follower;-2,312537; 0,5; 5
Player;-2,312537; 0,5; 5
Follower;-2,312537; 0,5; 5
Follower;-2,312537; 0,5; 5
Follower;-2,312537; 0,5; 5
Player;-2,312537; 0,5; 5
Follower;-2,312537; 0,5; 5
Follower;-2,312537; 0,5; 5
Follower;-2,312537; 0,5; 5
Player;-2,312537; 0,5; 5
Follower;-2,312537; 0,5; 5
Follower;-2,312537; 0,5; 5
Player;-2,312537; 0,5; 5
Follower;-2,312537; 0,5; 5
Follower;-2,312537; 0,5; 5
Follower;-2,312537; 0,5; 5
Player;-2,312537; 0,5; 5
Follower;-2,312537; 0,5; 5
Follower;-2,312537; 0,5; 5
Follower;-2,312537; 0,5; 5
Player;-2,312537; 0,5; 5
Follower;-2,312537; 0,5; 5
Follower;-2,312537; 0,5; 5
Follower;-2,312537; 0,5; 5
Player;-2,312537; 0,5; 5
Follower;-2,312537; 0,5; 5
Follower;-2,312537; 0,5; 5
Follower;-2,312537; 0,5; 5
Player;-2,312537; 0,5; 5
Follower;-2,312537; 0,5; 5
Follower;-2,312537; 0,5; 5
Follower;-2,312537; 0,5; 5
Player;-2,312537; 0,5; 5
Follower;-2,312537; 0,5; 5
Follower;-2,312537; 0,5; 5
Follower;-2,312537; 0,5; 5
Player;-2,312537; 0,5; 5
Follower;-2,312537; 0,5; 5
Follower;-2,312537; 0,5; 5
Follower;-2,312537; 0,5; 5
Player;-2,312537; 0,5; 5
Follower;-2,312537; 0,5; 5
Follower;-2,312537; 0,5; 5
Follower;-2,312537; 0,5; 5
Player;-2,312537; 0,5; 5
Follower;-2,312537; 0,5; 5
Follower;-2,312537; 0,5; 5
Follower;-2,312537; 0,5; 5
Player;-2,312537; 0,5; 5
Follower;-2,312537; 0,5; 5
Follower;-2,312537; 0,5; 5
Follower;-2,312537; 0,5; 5
Player;-2,312537; 0,5; 5
Follower;-2,312537; 0,5; 5
Follower;-2,312537; 0,5; 5
Follower;-2,312537; 0,5; 5
Player;-2,312537; 0,5; 5
Follower;-2,312537; 0,5; 5
Follower;-2,312537; 0,5; 5
Follower;-2,312537; 0,5; 5
Player;-2,312537; 0,5; 5
Follower;-2,312537; 0,5; 5
Follower;-2,312537; 0,5; 5
Follower;-2,312537; 0,5; 5
Player;-2,312537; 0,5; 5
Follower;-2,312537; 0,5; 5
Follower;-2,312537; 0,5; 5
Player;-2,312537; 0,5; 5
Follower;-2,312537; 0,5; 5
Follower;-2,312537; 0,5; 5
Follower;-2,312537; 0,5; 5
Player;-2,312537; 0,5; 5
Follower;-2,312537; 0,5; 5
Follower;-2,312537; 0,5; 5
Follower;-2,312537; 0,5; 5
Player;-2,312537; 0,5; 5
Follower;-2,312537; 0,5; 5
Follower;-2,312537; 0,5; 5
Follower;-2,312537; 0,5; 5
Player;-2,312537; 0,5; 5
Follower;-2,312537; 0,5; 5
Follower;-2,312537; 0,5; 5
Player;-2,312537; 0,5; 5
Follower;-2,312537; 0,5; 5
Follower;-2,312537; 0,5; 5
Follower;-2,312537; 0,5; 5
Player;-2,312537; 0,5; 5
Follower;-2,312537; 0,5; 5
Follower;-2,312537; 0,5; 5
Follower;-2,312537; 0,5; 5
Player;-2,312537; 0,5; 5
Follower;-2,312537; 0,5; 5
Follower;-2,312537; 0,5; 5
Follower;-2,312537; 0,5; 5
Player;-2,312537; 0,5; 5
Follower;-2,312537; 0,5; 5
Follower;-2,312537; 0,5; 5
Follower;-2,312537; 0,5; 5
Player;-2,312537; 0,5; 5
Follower;-2,312537; 0,5; 5
Follower;-2,312537; 0,5; 5
Follower;-2,312537; 0,5; 5
Player;-2,312537; 0,5; 5
Follower;-2,312537; 0,5; 5
Follower;-2,312537; 0,5; 5
Follower;-2,312537; 0,5; 5
Player;-2,312537; 0,5; 5
Follower;-2,312537; 0,5; 5
Follower;-2,312537; 0,5; 5
Follower;-2,312537; 0,5; 5
Player;-2,312537; 0,5; 5
Follower;-2,312537; 0,5; 5
Follower;-2,312537; 0,5; 5
Follower;-2,312537; 0,5; 5
Player;-2,312537; 0,5; 5
Follower;-2,312537; 0,5; 5
Follower;-2,312537; 0,5; 5
Follower;-2,312537; 0,5; 5
Player;-2,312537; 0,5; 5
Follower;-2,312537; 0,5; 5
Follower;-2,312537; 0,5; 5
Follower;-2,312537; 0,5; 5
Player;-2,312537; 0,5; 5
Follower;-2,312537; 0,5; 5
Follower;-2,312537; 0,5; 5
Follower;-2,312537; 0,5; 5
Player;-2,312537; 0,5; 5
Follower;-2,312537; 0,5; 5
Follower;-2,312537; 0,5; 5
Follower;-2,312537; 0,5; 5
Player;-2,312537; 0,5; 5
Follower;-2,312537; 0,5; 5
Follower;-2,312537; 0,5; 5
Follower;-2,312537; 0,5; 5
Player;-2,312537; 0,5; 5
Follower;-2,312537; 0,5; 5
Follower;-2,312537; 0,5; 5
Follower;-2,312537; 0,5; 5
Player;-2,312537; 0,5; 5
Follower;-2,312537; 0,5; 5
Follower;-2,312537; 0,5; 5
Follower;-2,312537; 0,5; 5
Player;-2,312537; 0,5; 5
Follower;-2,312537; 0,5; 5
Follower;-2,312537; 0,5; 5
Follower;-2,312537; 0,5; 5
Player;-2,312537; 0,5; 5
Follower;-2,312537; 0,5; 5
Follower;-2,312537; 0,5; 5
Follower;-2,312537; 0,5; 5
Player;-2,312537; 0,5; 5
Follower;-2,312537; 0,5; 5
Follower;-2,312537; 0,5; 5
Follower;-2,312537; 0,5; 5
Player;-2,312537; 0,5; 5
Follower;-2,312537; 0,5; 5
Follower;-2,312537; 0,5; 5
Follower;-2,312537; 0,5; 5
Player;-2,312537; 0,5; 5
Follower;-2,312537; 0,5; 5
Follower;-2,312537; 0,5; 5
Follower;-2,312537; 0,5; 5
Player;-2,312537; 0,5; 5
Follower;-2,312537; 0,5; 5
Follower;-2,312537; 0,5; 5
Follower;-2,312537; 0,5; 5
Player;-2,312537; 0,5; 5
Follower;-2,312537; 0,5; 5
Follower;-2,312537; 0,5; 5
Follower;-2,312537; 0,5; 5
Player;-2,312537; 0,5; 5
Follower;-2,312537; 0,5; 5
Follower;-2,312537; 0,5; 5
Follower;-2,312537; 0,5; 5
Follower;-2,312537; 0,5; 5
Player;-2,312537; 0,5; 5
Follower;-2,312537; 0,5; 5
Follower;-2,312537; 0,5; 5
Follower;-2,312537; 0,5; 5
Player;-2,312537; 0,5; 5
Follower;-2,312537; 0,5; 5
Follower;-2,312537; 0,5; 5
Follower;-2,312537; 0,5; 5
Player;-2,312537; 0,5; 5
Follower;-2,312537; 0,5; 5
Follower;-2,312537; 0,5; 5
Follower;-2,312537; 0,5; 5
Player;-2,312537; 0,5; 5
Follower;-2,312537; 0,5; 5
Follower;-2,312537; 0,5; 5
Follower;-2,312537; 0,5; 5
Player;-2,312537; 0,5; 5
Follower;-2,312537; 0,5; 5
Follower;-2,312537; 0,5; 5
Follower;-2,312537; 0,5; 5
Player;-2,312537; 0,5; 5
Follower;-2,312537; 0,5; 5
Follower;-2,312537; 0,5; 5
Follower;-2,312537; 0,5; 5
Player;-2,312537; 0,5; 5
Follower;-2,312537; 0,5; 5
Follower;-2,312537; 0,5; 5
Follower;-2,312537; 0,5; 5
Follower;-2,312537; 0,5; 5
Player;-2,312537; 0,5; 5
Follower;-2,312537; 0,5; 5
Follower;-2,312537; 0,5; 5
Follower;-2,312537; 0,5; 5
Player;-2,312537; 0,5; 5
Follower;-2,312537; 0,5; 5
Follower;-2,312537; 0,5; 5
Follower;-2,312537; 0,5; 5
Player;-2,312537; 0,5; 5
Follower;-2,312537; 0,5; 5
Follower;-2,312537; 0,5; 5
Follower;-2,312537; 0,5; 5
Player;-2,312537; 0,5; 5
Follower;-2,312537; 0,5; 5
Follower;-2,312537; 0,5; 5
Follower;-2,312537; 0,5; 5
Follower;-2,312537; 0,5; 5
Player;-2,312537; 0,5; 5
Follower;-2,312537; 0,5; 5
Follower;-2,312537; 0,5; 5
Follower;-2,312537; 0,5; 5
Player;-2,312537; 0,5; 5
Follower;-2,312537; 0,5; 5
Follower;-2,312537; 0,5; 5
Follower;-2,312537; 0,5; 5
Player;-2,312537; 0,5; 5
Follower;-2,312537; 0,5; 5
Follower;-2,312537; 0,5; 5
Follower;-2,312537; 0,5; 5
Player;-2,312537; 0,5; 5
Follower;-2,312537; 0,5; 5
Follower;-2,312537; 0,5; 5
Follower;-2,312537; 0,5; 5
Player;-2,312537; 0,5; 5
Follower;-2,312537; 0,5; 5
Follower;-2,312537; 0,5; 5
Follower;-2,312537; 0,5; 5
Follower;-2,312537; 0,5; 5
Player;-2,312537; 0,5; 5
Follower;-2,312537; 0,5; 5
Follower;-2,312537; 0,5; 5
Follower;-2,312537; 0,5; 5
Player;-2,312537; 0,5; 5
Follower;-2,312537; 0,5; 5
Follower;-2,312537; 0,5; 5
Follower;-2,312537; 0,5; 5
Player;-2,312537; 0,5; 5
Follower;-2,312537; 0,5; 5
Follower;-2,312537; 0,5; 5
Follower;-2,312537; 0,5; 5
Follower;-2,312537; 0,5; 5
Player;-2,312537; 0,5; 5
Follower;-2,312537; 0,5; 5
Follower;-2,312537; 0,5; 5
Follower;-2,312537; 0,5; 5
Player;-2,312537; 0,5; 5
Follower;-2,312537; 0,5; 5
Follower;-2,312537; 0,5; 5
Follower;-2,312537; 0,5; 5
Player;-2,312537; 0,5; 5
Follower;-2,312537; 0,5; 5
Follower;-2,312537; 0,5; 5
Follower;-2,312537; 0,5; 5
Player;-2,312537; 0,5; 5
Follower;-2,312537; 0,5; 5
Follower;-2,312537; 0,5; 5
Follower;-2,312537; 0,5; 5
Follower;-2,312537; 0,5; 5
Player;-2,312537; 0,5; 5
Follower;-2,312537; 0,5; 5
Follower;-2,312537; 0,5; 5
Follower;-2,312537; 0,5; 5
Player;-2,312537; 0,5; 5
Follower;-2,312537; 0,5; 5
Follower;-2,312537; 0,5; 5
Follower;-2,312537; 0,5; 5
Player;-2,312537; 0,5; 5
Follower;-2,312537; 0,5; 5
Follower;-2,312537; 0,5; 5
Follower;-2,312537; 0,5; 5
Follower;-2,312537; 0,5; 5
Player;-2,312537; 0,5; 5
Follower;-2,312537; 0,5; 5
Follower;-2,312537; 0,5; 5
Follower;-2,312537; 0,5; 5
Player;-2,312537; 0,5; 5
Follower;-2,312537; 0,5; 5
Follower;-2,312537; 0,5; 5
Follower;-2,312537; 0,5; 5
Player;-2,312537; 0,5; 5
Follower;-2,312537; 0,5; 5
Follower;-2,312537; 0,5; 5
Follower;-2,312537; 0,5; 5
Follower;-2,312537; 0,5; 5
Player;-2,312537; 0,5; 5
Follower;-2,312537; 0,5; 5
Follower;-2,312537; 0,5; 5
Follower;-2,312537; 0,5; 5
Player;-2,312537; 0,5; 5
Follower;-2,312537; 0,5; 5
Follower;-2,312537; 0,5; 5
Follower;-2,312537; 0,5; 5
Player;-2,312537; 0,5; 5
Follower;-2,312537; 0,5; 5
Follower;-2,312537; 0,5; 5
Follower;-2,312537; 0,5; 5
Player;-2,312537; 0,5; 5
Follower;-2,312537; 0,5; 5
Follower;-2,312537; 0,5; 5
Follower;-2,312537; 0,5; 5
Follower;-2,312537; 0,5; 5
Player;-2,312537; 0,5; 5
Follower;-2,312537; 0,5; 5
Follower;-2,312537; 0,5; 5
Follower;-2,312537; 0,5; 5
Player;-2,312537; 0,5; 5
Follower;-2,312537; 0,5; 5
Follower;-2,312537; 0,5; 5
Follower;-2,312537; 0,5; 5
Player;-2,312537; 0,5; 5
Follower;-2,312537; 0,5; 5
Follower;-2,312537; 0,5; 5
Follower;-2,312537; 0,5; 5
Follower;-2,312537; 0,5; 5
Player;-2,312537; 0,5; 5
Follower;-2,312537; 0,5; 5
Follower;-2,312537; 0,5; 5
Follower;-2,312537; 0,5; 5
Player;-2,312537; 0,5; 5
Follower;-2,312537; 0,5; 5
Follower;-2,312537; 0,5; 5
Follower;-2,312537; 0,5; 5
Player;-2,312537; 0,5; 5
Follower;-2,312537; 0,5; 5
Follower;-2,312537; 0,5; 5
Follower;-2,312537; 0,5; 5
Player;-2,312537; 0,5; 5
Follower;-2,312537; 0,5; 5
Follower;-2,312537; 0,5; 5
Follower;-2,312537; 0,5; 5
Follower;-2,312537; 0,5; 5
Player;-2,312537; 0,5; 5
Follower;-2,312537; 0,5; 5
Follower;-2,312537; 0,5; 5
Follower;-2,312537; 0,5; 5
Player;-2,312537; 0,5; 5
Follower;-2,312537; 0,5; 5
Follower;-2,312537; 0,5; 5
Follower;-2,312537; 0,5; 5
Player;-2,312537; 0,5; 5
Follower;-2,312537; 0,5; 5
Follower;-2,312537; 0,5; 5
Follower;-2,312537; 0,5; 5
Follower;-2,312537; 0,5; 5
Player;-2,312537; 0,5; 5
Follower;-2,312537; 0,5; 5
Follower;-2,312537; 0,5; 5
Follower;-2,312537; 0,5; 5
Player;-2,312537; 0,5; 5
Follower;-2,312537; 0,5; 5
Follower;-2,312537; 0,5; 5
Follower;-2,312537; 0,5; 5
Player;-2,312537; 0,5; 5
Follower;-2,312537; 0,5; 5
Follower;-2,312537; 0,5; 5
Follower;-2,312537; 0,5; 5
Follower;-2,312537; 0,5; 5
Player;-2,312537; 0,5; 5
Follower;-2,312537; 0,5; 5
Follower;-2,312537; 0,5; 5
Follower;-2,312537; 0,5; 5
Player;-2,312537; 0,5; 5
Follower;-2,312537; 0,5; 5
Follower;-2,312537; 0,5; 5
Follower;-2,312537; 0,5; 5
Player;-2,312537; 0,5; 5
Follower;-2,312537; 0,5; 5
Follower;-2,312537; 0,5; 5
Follower;-2,312537; 0,5; 5
Follower;-2,312537; 0,5; 5
Player;-2,312537; 0,5; 5
Follower;-2,312537; 0,5; 5
Follower;-2,312537; 0,5; 5
Follower;-2,312537; 0,5; 5
Player;-2,312537; 0,5; 5
Follower;-2,312537; 0,5; 5
Follower;-2,312537; 0,5; 5
Follower;-2,312537; 0,5; 5
Player;-2,312537; 0,5; 5
Follower;-2,312537; 0,5; 5
Follower;-2,312537; 0,5; 5
Follower;-2,312537; 0,5; 5
Player;-2,312537; 0,5; 5
Follower;-2,312537; 0,5; 5
Follower;-2,312537; 0,5; 5
Follower;-2,312537; 0,5; 5
Follower;-2,312537; 0,5; 5
Player;-2,312537; 0,5; 5
Follower;-2,312537; 0,5; 5
Follower;-2,312537; 0,5; 5
Follower;-2,312537; 0,5; 5
Player;-2,312537; 0,5; 5
Follower;-2,312537; 0,5; 5
Follower;-2,312537; 0,5; 5
Follower;-2,312537; 0,5; 5
Player;-2,312537; 0,5; 5
Follower;-2,312537; 0,5; 5
Follower;-2,312537; 0,5; 5
Follower;-2,312537; 0,5; 5
Follower;-2,312537; 0,5; 5
Player;-2,312537; 0,5; 5
Follower;-2,312537; 0,5; 5
Follower;-2,312537; 0,5; 5
Follower;-2,312537; 0,5; 5
Player;-2,312537; 0,5; 5
Follower;-2,312537; 0,5; 5
Follower;-2,312537; 0,5; 5
Follower;-2,312537; 0,5; 5
Player;-2,312537; 0,5; 5
Follower;-2,312537; 0,5; 5
Follower;-2,312537; 0,5; 5
Follower;-2,312537; 0,5; 5
Follower;-2,312537; 0,5; 5
Player;-2,312537; 0,5; 5
Follower;-2,312537; 0,5; 5
Follower;-2,312537; 0,5; 5
Follower;-2,312537; 0,5; 5
Player;-2,312537; 0,5; 5
Follower;-2,312537; 0,5; 5
Follower;-2,312537; 0,5; 5
Follower;-2,312537; 0,5; 5
Player;-2,312537; 0,5; 5
Follower;-2,312537; 0,5; 5
Follower;-2,312537; 0,5; 5
Follower;-2,312537; 0,5; 5
Follower;-2,312537; 0,5; 5
Player;-2,312537; 0,5; 5
Follower;-2,312537; 0,5; 5
Follower;-2,312537; 0,5; 5
Follower;-2,312537; 0,5; 5
Player;-2,312537; 0,5; 5
Follower;-2,312537; 0,5; 5
Follower;-2,312537; 0,5; 5
Follower;-2,312537; 0,5; 5
Player;-2,312537; 0,5; 5
Follower;-2,312537; 0,5; 5
Follower;-2,312537; 0,5; 5
Follower;-2,312537; 0,5; 5
Player;-2,312537; 0,5; 5
Follower;-2,312537; 0,5; 5
Follower;-2,312537; 0,5; 5
Follower;-2,312537; 0,5; 5
Follower;-2,312537; 0,5; 5
Player;-2,312537; 0,5; 5
Follower;-2,312537; 0,5; 5
Follower;-2,312537; 0,5; 5
Follower;-2,312537; 0,5; 5
Player;-2,312537; 0,5; 5
Follower;-2,312537; 0,5; 5
Follower;-2,312537; 0,5; 5
Follower;-2,312537; 0,5; 5
Player;-2,312537; 0,5; 5
Follower;-2,312537; 0,5; 5
Follower;-2,312537; 0,5; 5
Follower;-2,312537; 0,5; 5
Follower;-2,312537; 0,5; 5
Player;-2,312537; 0,5; 5
Follower;-2,312537; 0,5; 5
Follower;-2,312537; 0,5; 5
Follower;-2,312537; 0,5; 5
Player;-2,312537; 0,5; 5
Follower;-2,312537; 0,5; 5
Follower;-2,312537; 0,5; 5
Follower;-2,312537; 0,5; 5
Player;-2,312537; 0,5; 5
Follower;-2,312537; 0,5; 5
Follower;-2,312537; 0,5; 5
Follower;-2,312537; 0,5; 5
Player;-2,312537; 0,5; 5
Follower;-2,312537; 0,5; 5
Follower;-2,312537; 0,5; 5
Follower;-2,312537; 0,5; 5
Follower;-2,312537; 0,5; 5
Player;-2,312537; 0,5; 5
Follower;-2,312537; 0,5; 5
Follower;-2,312537; 0,5; 5
Follower;-2,312537; 0,5; 5
Player;-2,312537; 0,5; 5
Follower;-2,312537; 0,5; 5
Follower;-2,312537; 0,5; 5
Follower;-2,312537; 0,5; 5
Player;-2,312537; 0,5; 5
Follower;-2,312537; 0,5; 5
Follower;-2,312537; 0,5; 5
Follower;-2,312537; 0,5; 5
Follower;-2,312537; 0,5; 5
Player;-2,312537; 0,5; 5
Follower;-2,312537; 0,5; 5
Follower;-2,312537; 0,5; 5
Follower;-2,312537; 0,5; 5
Player;-2,312537; 0,5; 5
Follower;-2,312537; 0,5; 5
Follower;-2,312537; 0,5; 5
Follower;-2,312537; 0,5; 5
Player;-2,312537; 0,5; 5
Follower;-2,312537; 0,5; 5
Follower;-2,312537; 0,5; 5
Follower;-2,312537; 0,5; 5
Follower;-2,312537; 0,5; 5
Player;-2,312537; 0,5; 5
Follower;-2,312537; 0,5; 5
Follower;-2,312537; 0,5; 5
Follower;-2,312537; 0,5; 5
Player;-2,312537; 0,5; 5
Follower;-2,312537; 0,5; 5
Follower;-2,312537; 0,5; 5
Follower;-2,312537; 0,5; 5
Player;-2,312537; 0,5; 5
Follower;-2,312537; 0,5; 5
Follower;-2,312537; 0,5; 5
Follower;-2,312537; 0,5; 5
Player;-2,312537; 0,5; 5
Follower;-2,312537; 0,5; 5
Follower;-2,312537; 0,5; 5
Follower;-2,312537; 0,5; 5
Player;-2,312537; 0,5; 5
Follower;-2,312537; 0,5; 5
Follower;-2,312537; 0,5; 5
Player;-2,312537; 0,5; 5
Follower;-2,312537; 0,5; 5
Follower;-2,312537; 0,5; 5
Follower;-2,312537; 0,5; 5
Player;-2,312537; 0,5; 5
Follower;-2,312537; 0,5; 5
Follower;-2,312537; 0,5; 5
Follower;-2,312537; 0,5; 5
Follower;-2,312537; 0,5; 5
Player;-2,312537; 0,5; 5
Follower;-2,312537; 0,5; 5
Follower;-2,312537; 0,5; 5
Follower;-2,312537; 0,5; 5
Player;-2,312537; 0,5; 5
Follower;-2,312537; 0,5; 5
Follower;-2,312537; 0,5; 5
Follower;-2,312537; 0,5; 5
Player;-2,312537; 0,5; 5
Follower;-2,312537; 0,5; 5
Follower;-2,312537; 0,5; 5
Follower;-2,312537; 0,5; 5
Follower;-2,312537; 0,5; 5
Player;-2,312537; 0,5; 5
Follower;-2,312537; 0,5; 5
Follower;-2,312537; 0,5; 5
Follower;-2,312537; 0,5; 5
Player;-2,312537; 0,5; 5
Follower;-2,312537; 0,5; 5
Follower;-2,312537; 0,5; 5
Follower;-2,312537; 0,5; 5
Player;-2,312537; 0,5; 5
Follower;-2,312537; 0,5; 5
Follower;-2,312537; 0,5; 5
Follower;-2,312537; 0,5; 5
Player;-2,312537; 0,5; 5
Follower;-2,312537; 0,5; 5
Follower;-2,312537; 0,5; 5
Follower;-2,312537; 0,5; 5
Follower;-2,312537; 0,5; 5
Player;-2,312537; 0,5; 5
Follower;-2,312537; 0,5; 5
Follower;-2,312537; 0,5; 5
Follower;-2,312537; 0,5; 5
Player;-2,312537; 0,5; 5
Follower;-2,312537; 0,5; 5
Follower;-2,312537; 0,5; 5
Follower;-2,312537; 0,5; 5
Player;-2,312537; 0,5; 5
Follower;-2,312537; 0,5; 5
Follower;-2,312537; 0,5; 5
Follower;-2,312537; 0,5; 5
Follower;-2,312537; 0,5; 5
Player;-2,312537; 0,5; 5
Follower;-2,312537; 0,5; 5
Follower;-2,312537; 0,5; 5
Follower;-2,312537; 0,5; 5
Player;-2,312537; 0,5; 5
Follower;-2,312537; 0,5; 5
Follower;-2,312537; 0,5; 5
Follower;-2,312537; 0,5; 5
Player;-2,312537; 0,5; 5
Follower;-2,312537; 0,5; 5
Follower;-2,312537; 0,5; 5
Follower;-2,312537; 0,5; 5
Player;-2,312537; 0,5; 5
Follower;-2,312537; 0,5; 5
Follower;-2,312537; 0,5; 5
Follower;-2,312537; 0,5; 5
Player;-2,312537; 0,5; 5
Follower;-2,312537; 0,5; 5
Follower;-2,312537; 0,5; 5
Follower;-2,312537; 0,5; 5
Player;-2,312537; 0,5; 5
Follower;-2,312537; 0,5; 5
Follower;-2,312537; 0,5; 5
